{"count":1,"self":9.7089272,"total":651.40915,"children":{"InitializeActuators":{"count":1,"self":0.006259,"total":0.006259,"children":null},"InitializeSensors":{"count":1,"self":0.0039049999999999996,"total":0.0039049999999999996,"children":null},"AgentSendState":{"count":4670,"self":0.031876999999999996,"total":387.18784899999997,"children":{"CollectObservations":{"count":4670,"self":0.0046559999999999995,"total":0.0046559999999999995,"children":null},"WriteActionMask":{"count":4670,"self":0.0084099999999999991,"total":0.0084099999999999991,"children":null},"RequestDecision":{"count":4670,"self":0.019847,"total":387.142906,"children":{"AgentInfo.ToProto":{"count":4670,"self":0.03044,"total":387.12305899999996,"children":{"GenerateSensorData":{"count":4670,"self":1.181625,"total":387.09261899999996,"children":{"CameraSensor.GetCompressedObservation":{"count":37360,"self":385.9109888,"total":385.91099399999996,"children":null}}}}}}}}},"DecideAction":{"count":4670,"self":254.1376,"total":254.137596,"children":null},"AgentAct":{"count":4670,"self":0.363127,"total":0.363127,"children":null}},"gauges":{},"metadata":{"timer_format_version":"0.1.0","start_time_seconds":"1629261016","unity_version":"2019.4.20f1","command_line_arguments":"\/home\/soya\/catkin_ws\/src\/darknetb\/.\/Linux_soccer_simulator\/vision_simulator.x86_64 --mlagents-port 5005","communication_protocol_version":"1.5.0","com.unity.ml-agents_version":"1.9.0-preview","scene_name":"Scene","end_time_seconds":"1629261667"}}